2025-08-26T14:02:11Z,185.10.10.10,root,admin,cowrie.login.failed
2025-08-26T14:02:13Z,185.10.10.10,root,123456,cowrie.login.failed
2025-08-26T14:02:15Z,185.10.10.10,root,password1,cowrie.login.failed
2025-08-26T14:02:18Z,185.10.10.10,root,password2,cowrie.login.failed
2025-08-26T14:02:21Z,185.10.10.10,root,password3,cowrie.login.failed
2025-08-26T14:02:24Z,185.10.10.10,root,password4,cowrie.login.failed
2025-08-26T14:02:27Z,185.10.10.10,root,password5,cowrie.login.failed
2025-08-26T14:02:30Z,185.10.10.10,root,password6,cowrie.login.failed
2025-08-26T14:02:33Z,185.10.10.10,root,password7,cowrie.login.failed
2025-08-26T14:06:44Z,185.10.10.10,root,toor,cowrie.login.failed
2025-08-26T14:10:00Z,185.10.10.10,root,correcthorsebattery,cowrie.login.success
2025-08-26T14:15:20Z,45.55.55.5,pi,raspberry,cowrie.login.failed
